<toolSet name="Python Utilities">
  <tool name="pyreverse" description="Generate UML diagrams" showInMainMenu="true" showInEditor="true" showInProject="true" showInSearchPopup="true" disabled="false" useConsole="true" showConsoleOnStdOut="false" showConsoleOnStdErr="false" synchronizeAfterRun="true">
    <exec>
      <option name="COMMAND" value="/Library/Frameworks/Python.framework/Versions/2.7/bin/pyreverse" />
      <option name="PARAMETERS" value=" -o png -p $ProjectName$ $ProjectFileDir$" />
      <option name="WORKING_DIRECTORY" value="$ProjectFileDir$" />
    </exec>
  </tool>
  <tool name="Export UI" description="Run pyuic4 and export Python module" showInMainMenu="true" showInEditor="true" showInProject="true" showInSearchPopup="true" disabled="false" useConsole="true" showConsoleOnStdOut="true" showConsoleOnStdErr="true" synchronizeAfterRun="true">
    <exec>
      <option name="COMMAND" value="python" />
      <option name="PARAMETERS" value=" /Library/Frameworks/Python.framework/Versions/2.7/lib/python2.7/site-packages/PyQt4/uic/pyuic.py  $FileNameWithoutExtension$.ui" />
      <option name="WORKING_DIRECTORY" value="$ProjectFileDir$" />
    </exec>
  </tool>
</toolSet>